{"v":"5.2.1","fr":29.9700012207031,"ip":0,"op":60.0000024438501,"w":500,"h":500,"nm":"Man with phone","ddd":0,"assets":[],"layers":[{"ddd":0,"ind":1,"ty":4,"nm":"Layer 6 Outlines","sr":1,"ks":{"o":{"a":0,"k":100,"ix":11},"r":{"a":0,"k":0,"ix":10},"p":{"a":0,"k":[204.181,335.164,0],"ix":2},"a":{"a":0,"k":[127.159,160.562,0],"ix":1},"s":{"a":0,"k":[100,100,100],"ix":6}},"ao":0,"shapes":[{"ty":"gr","it":[{"ind":0,"ty":"sh","ix":1,"ks":{"a":0,"k":{"i":[[-13.494,-9.857],[0,0],[0,0],[0,0],[5.842,-49.097]],"o":[[1.233,-4.798],[0,0],[0,0],[0,0],[9.899,11.204]],"v":[[1.134,63.232],[3.115,55.629],[34.809,-48.563],[-23.434,-63.231],[-34.809,29.503]],"c":true},"ix":2},"nm":"Path 1","mn":"ADBE Vector Shape - Group","hd":false},{"ty":"fl","c":{"a":0,"k":[0.980000035903,0.8,0.752999997606,1],"ix":4},"o":{"a":0,"k":100,"ix":5},"r":1,"nm":"Fill 1","mn":"ADBE Vector Graphic - Fill","hd":false},{"ty":"tr","p":{"a":0,"k":[35.059,204.917],"ix":2},"a":{"a":0,"k":[0,0],"ix":1},"s":{"a":0,"k":[100,100],"ix":3},"r":{"a":0,"k":0,"ix":6},"o":{"a":0,"k":100,"ix":7},"sk":{"a":0,"k":0,"ix":4},"sa":{"a":0,"k":0,"ix":5},"nm":"Transform"}],"nm":"Group 1","np":2,"cix":2,"ix":1,"mn":"ADBE Vector Group","hd":false},{"ty":"gr","it":[{"ind":0,"ty":"sh","ix":1,"ks":{"a":0,"k":{"i":[[4.231,-21.046],[-77.047,12.729],[0,0],[-17.34,57.411],[-0.306,1.09],[0,0],[23.358,32.397],[0,0],[0,0],[46.91,-26.245],[0,0],[-12.68,-37.145]],"o":[[17.865,9.842],[0,0],[-1.555,-39.928],[0.334,-1.108],[0,0],[0,0],[-15.392,-37.507],[14.232,46.041],[0,0],[-46.909,26.244],[0,0],[7.068,20.705]],"v":[[-70.71,122.259],[83.82,147.583],[83.821,147.583],[101.121,-11.179],[102.008,-14.435],[115.53,-13.456],[100.188,-88.7],[47.916,-140.773],[-6.72,-144.135],[-62.375,-134.067],[-123.546,-16.465],[-70.331,52.157]],"c":true},"ix":2},"nm":"Path 1","mn":"ADBE Vector Shape - Group","hd":false},{"ty":"fl","c":{"a":0,"k":[1,1,1,1],"ix":4},"o":{"a":0,"k":100,"ix":5},"r":1,"nm":"Fill 1","mn":"ADBE Vector Graphic - Fill","hd":false},{"ty":"tr","p":{"a":0,"k":[130.523,160.563],"ix":2},"a":{"a":0,"k":[0,0],"ix":1},"s":{"a":0,"k":[100,100],"ix":3},"r":{"a":0,"k":0,"ix":6},"o":{"a":0,"k":100,"ix":7},"sk":{"a":0,"k":0,"ix":4},"sa":{"a":0,"k":0,"ix":5},"nm":"Transform"}],"nm":"Group 2","np":2,"cix":2,"ix":2,"mn":"ADBE Vector Group","hd":false}],"ip":0,"op":376.000015314794,"st":0,"bm":0},{"ddd":0,"ind":2,"ty":4,"nm":"Layer 5 Outlines","sr":1,"ks":{"o":{"a":0,"k":100,"ix":11},"r":{"a":1,"k":[{"i":{"x":[0.667],"y":[1]},"o":{"x":[0.333],"y":[0]},"n":["0p667_1_0p333_0"],"t":0,"s":[0],"e":[1]},{"i":{"x":[0.667],"y":[1]},"o":{"x":[0.333],"y":[0]},"n":["0p667_1_0p333_0"],"t":29,"s":[1],"e":[0]},{"t":60.0000024438501}],"ix":10},"p":{"a":0,"k":[221.328,196.669,0],"ix":2},"a":{"a":0,"k":[34.573,131.788,0],"ix":1},"s":{"a":0,"k":[100,100,100],"ix":6}},"ao":0,"shapes":[{"ty":"gr","it":[{"ind":0,"ty":"sh","ix":1,"ks":{"a":0,"k":{"i":[[0,0],[1.713,-13.855],[0,0],[5.156,-3.941],[5.97,8.631],[-6.53,13.392]],"o":[[0,0],[-1.713,13.856],[0,0],[-5.155,3.942],[-5.971,-8.63],[0,0]],"v":[[-14.73,-32.878],[-4.064,-7.947],[27.376,9.355],[22.737,28.936],[-21.922,10.128],[-19.85,-30.802]],"c":true},"ix":2},"nm":"Path 1","mn":"ADBE Vector Shape - Group","hd":false},{"ty":"fl","c":{"a":0,"k":[0.219999994016,0.219999994016,0.219999994016,1],"ix":4},"o":{"a":0,"k":100,"ix":5},"r":1,"nm":"Fill 1","mn":"ADBE Vector Graphic - Fill","hd":false},{"ty":"tr","p":{"a":0,"k":[47.538,94.01],"ix":2},"a":{"a":0,"k":[0,0],"ix":1},"s":{"a":0,"k":[100,100],"ix":3},"r":{"a":0,"k":0,"ix":6},"o":{"a":0,"k":100,"ix":7},"sk":{"a":0,"k":0,"ix":4},"sa":{"a":0,"k":0,"ix":5},"nm":"Transform"}],"nm":"Group 1","np":2,"cix":2,"ix":1,"mn":"ADBE Vector Group","hd":false},{"ty":"gr","it":[{"ind":0,"ty":"sh","ix":1,"ks":{"a":0,"k":{"i":[[-5.471,5.525],[-4.25,0.428],[-3.346,1.64],[-4.919,0.367],[-3.893,-0.893],[-6.795,2.361],[-7.222,-2.682],[13.356,-11.394],[3.781,2.309],[3.82,1.463],[4.153,0.222],[0.975,-1.246],[2.91,-2.752],[2.769,-5.067],[1.917,-2.27],[0.953,8.535],[1.164,7.924]],"o":[[2.965,-2.994],[3.46,-0.349],[3.904,-1.913],[3.983,-0.297],[6.764,1.554],[6.504,-2.258],[18.132,6.735],[-3.371,2.875],[-6.302,-3.848],[-3.827,-1.464],[-1.581,-0.084],[-2.373,3.032],[-3.671,3.472],[-1.424,2.608],[-16.612,19.681],[-0.885,-7.933],[-1.133,-7.724]],"v":[[-47.269,-26.843],[-35.986,-32.608],[-25.726,-33.123],[-15.235,-38.29],[-3.397,-36.794],[17.589,-35.819],[37.562,-40.058],[38.26,7.561],[26.282,8.524],[5.477,-3.173],[-6.918,-6.65],[-11.062,-4.863],[-16.992,4.717],[-27.054,15.625],[-31.944,23.059],[-37.16,11.893],[-54.56,-5.387]],"c":true},"ix":2},"nm":"Path 1","mn":"ADBE Vector Shape - Group","hd":false},{"ty":"fl","c":{"a":0,"k":[0.219999994016,0.219999994016,0.219999994016,1],"ix":4},"o":{"a":0,"k":100,"ix":5},"r":1,"nm":"Fill 1","mn":"ADBE Vector Graphic - Fill","hd":false},{"ty":"tr","p":{"a":0,"k":[65.202,42.99],"ix":2},"a":{"a":0,"k":[0,0],"ix":1},"s":{"a":0,"k":[100,100],"ix":3},"r":{"a":0,"k":0,"ix":6},"o":{"a":0,"k":100,"ix":7},"sk":{"a":0,"k":0,"ix":4},"sa":{"a":0,"k":0,"ix":5},"nm":"Transform"}],"nm":"Group 2","np":2,"cix":2,"ix":2,"mn":"ADBE Vector Group","hd":false},{"ty":"gr","it":[{"ind":0,"ty":"sh","ix":1,"ks":{"a":0,"k":{"i":[[-0.368,1.351],[0,0],[0,0],[3.983,-9.357],[0,0],[0,0],[0,0],[0,0],[3.745,1.145],[0.07,0.02],[1.184,-3.627],[0,0],[-3.744,-1.354],[0.77,-2.355],[0.002,-0.004],[-8.647,16.594]],"o":[[0,0],[0,0],[-9.667,-3.158],[0,0],[0,0],[0,0],[0,0],[1.051,-3.772],[-0.069,-0.021],[-3.678,-1.018],[0,0],[-1.237,3.784],[2.314,0.837],[0,0],[-3.202,9.804],[0.648,-1.241]],"v":[[19.354,29.643],[41.291,-39.051],[16.933,-47.008],[-7.193,-36.051],[-12.959,-32.609],[-22.411,-14.539],[-26.13,-15.689],[-24.925,-20.014],[-29.613,-29.039],[-29.822,-29.1],[-38.49,-24.236],[-40.054,-19.448],[-36.631,-4.805],[-32.58,-4.721],[-34.674,1.691],[17.891,33.572]],"c":true},"ix":2},"nm":"Path 1","mn":"ADBE Vector Shape - Group","hd":false},{"ty":"fl","c":{"a":0,"k":[0.980000035903,0.8,0.752999997606,1],"ix":4},"o":{"a":0,"k":100,"ix":5},"r":1,"nm":"Fill 1","mn":"ADBE Vector Graphic - Fill","hd":false},{"ty":"tr","p":{"a":0,"k":[53.818,78.896],"ix":2},"a":{"a":0,"k":[0,0],"ix":1},"s":{"a":0,"k":[100,100],"ix":3},"r":{"a":0,"k":0,"ix":6},"o":{"a":0,"k":100,"ix":7},"sk":{"a":0,"k":0,"ix":4},"sa":{"a":0,"k":0,"ix":5},"nm":"Transform"}],"nm":"Group 3","np":2,"cix":2,"ix":3,"mn":"ADBE Vector Group","hd":false},{"ty":"gr","it":[{"ind":0,"ty":"sh","ix":1,"ks":{"a":0,"k":{"i":[[0,0],[0,0],[0,0],[0,0],[0,0]],"o":[[0,0],[0,0],[0,0],[0,0],[0,0]],"v":[[-23.472,-47.115],[-43.802,-0.442],[43.802,47.115],[22.681,0.93],[23.779,-16.461]],"c":true},"ix":2},"nm":"Path 1","mn":"ADBE Vector Shape - Group","hd":false},{"ty":"fl","c":{"a":0,"k":[0.980000035903,0.8,0.752999997606,1],"ix":4},"o":{"a":0,"k":100,"ix":5},"r":1,"nm":"Fill 1","mn":"ADBE Vector Graphic - Fill","hd":false},{"ty":"tr","p":{"a":0,"k":[44.052,124.211],"ix":2},"a":{"a":0,"k":[0,0],"ix":1},"s":{"a":0,"k":[100,100],"ix":3},"r":{"a":0,"k":0,"ix":6},"o":{"a":0,"k":100,"ix":7},"sk":{"a":0,"k":0,"ix":4},"sa":{"a":0,"k":0,"ix":5},"nm":"Transform"}],"nm":"Group 4","np":2,"cix":2,"ix":4,"mn":"ADBE Vector Group","hd":false}],"ip":0,"op":376.000015314794,"st":0,"bm":0},{"ddd":0,"ind":3,"ty":4,"nm":"Layer 8 Outlines","sr":1,"ks":{"o":{"a":0,"k":100,"ix":11},"r":{"a":1,"k":[{"i":{"x":[0.667],"y":[1]},"o":{"x":[0.333],"y":[0]},"n":["0p667_1_0p333_0"],"t":0,"s":[0],"e":[0]},{"i":{"x":[0.667],"y":[1]},"o":{"x":[0.333],"y":[0]},"n":["0p667_1_0p333_0"],"t":23,"s":[0],"e":[-13]},{"i":{"x":[0.667],"y":[1]},"o":{"x":[0.333],"y":[0]},"n":["0p667_1_0p333_0"],"t":26,"s":[-13],"e":[0]},{"i":{"x":[0.667],"y":[1]},"o":{"x":[0.333],"y":[0]},"n":["0p667_1_0p333_0"],"t":29,"s":[0],"e":[-6]},{"i":{"x":[0.667],"y":[1]},"o":{"x":[0.333],"y":[0]},"n":["0p667_1_0p333_0"],"t":32,"s":[-6],"e":[0]},{"i":{"x":[0.667],"y":[1]},"o":{"x":[0.333],"y":[0]},"n":["0p667_1_0p333_0"],"t":35,"s":[0],"e":[0]},{"t":60.0000024438501}],"ix":10},"p":{"a":0,"k":[312.316,391.162,0],"ix":2},"a":{"a":0,"k":[28.99,160.968,0],"ix":1},"s":{"a":0,"k":[100,100,100],"ix":6}},"ao":0,"shapes":[{"ty":"gr","it":[{"ind":0,"ty":"sh","ix":1,"ks":{"a":0,"k":{"i":[[0,0],[0,0],[0,0],[0,0]],"o":[[0,0],[0,0],[0,0],[0,0]],"v":[[-0.325,31.537],[-32.542,26.438],[0.325,-31.537],[32.542,-26.438]],"c":true},"ix":2},"nm":"Path 1","mn":"ADBE Vector Shape - Group","hd":false},{"ty":"fl","c":{"a":0,"k":[0.219999994016,0.219999994016,0.219999994016,1],"ix":4},"o":{"a":0,"k":100,"ix":5},"r":1,"nm":"Fill 1","mn":"ADBE Vector Graphic - Fill","hd":false},{"ty":"tr","p":{"a":0,"k":[145.189,31.787],"ix":2},"a":{"a":0,"k":[0,0],"ix":1},"s":{"a":0,"k":[100,100],"ix":3},"r":{"a":0,"k":0,"ix":6},"o":{"a":0,"k":100,"ix":7},"sk":{"a":0,"k":0,"ix":4},"sa":{"a":0,"k":0,"ix":5},"nm":"Transform"}],"nm":"Group 1","np":2,"cix":2,"ix":1,"mn":"ADBE Vector Group","hd":false},{"ty":"gr","it":[{"ind":0,"ty":"sh","ix":1,"ks":{"a":0,"k":{"i":[[-8.901,-12.003],[0,0],[7.302,14.877],[-8.896,7.457],[0,0]],"o":[[0,0],[-12.495,10.886],[-5.115,-10.421],[0,0],[6.214,2.731]],"v":[[63.906,-42.958],[-19.576,51.555],[-58.791,43.651],[-52.351,13.207],[43.709,-62.441]],"c":true},"ix":2},"nm":"Path 1","mn":"ADBE Vector Shape - Group","hd":false},{"ty":"fl","c":{"a":0,"k":[0.980000035903,0.8,0.752999997606,1],"ix":4},"o":{"a":0,"k":100,"ix":5},"r":1,"nm":"Fill 1","mn":"ADBE Vector Graphic - Fill","hd":false},{"ty":"tr","p":{"a":0,"k":[64.156,131.246],"ix":2},"a":{"a":0,"k":[0,0],"ix":1},"s":{"a":0,"k":[100,100],"ix":3},"r":{"a":0,"k":0,"ix":6},"o":{"a":0,"k":100,"ix":7},"sk":{"a":0,"k":0,"ix":4},"sa":{"a":0,"k":0,"ix":5},"nm":"Transform"}],"nm":"Group 2","np":2,"cix":2,"ix":2,"mn":"ADBE Vector Group","hd":false},{"ty":"gr","it":[{"ind":0,"ty":"sh","ix":1,"ks":{"a":0,"k":{"i":[[4.571,10.212],[4.019,-0.441],[0,0],[0,0],[-7.687,5.974],[13.018,-5.58],[0,0],[0,0],[0,0],[0,0]],"o":[[-1.769,-3.949],[-12.054,1.323],[0,0],[0,0],[3.791,-2.947],[-15.27,6.546],[0,0],[0,0],[0,0],[9.863,-5.286]],"v":[[28.045,-22.125],[18.402,-32.19],[6.433,6.377],[-17.792,-5.111],[-7.98,-18.838],[-15.43,-28.557],[-30.072,13.699],[-32.615,15.548],[-13.106,34.137],[17.118,12.177]],"c":true},"ix":2},"nm":"Path 1","mn":"ADBE Vector Shape - Group","hd":false},{"ty":"fl","c":{"a":0,"k":[0.980000035903,0.8,0.752999997606,1],"ix":4},"o":{"a":0,"k":100,"ix":5},"r":1,"nm":"Fill 1","mn":"ADBE Vector Graphic - Fill","hd":false},{"ty":"tr","p":{"a":0,"k":[138.431,56.947],"ix":2},"a":{"a":0,"k":[0,0],"ix":1},"s":{"a":0,"k":[100,100],"ix":3},"r":{"a":0,"k":0,"ix":6},"o":{"a":0,"k":100,"ix":7},"sk":{"a":0,"k":0,"ix":4},"sa":{"a":0,"k":0,"ix":5},"nm":"Transform"}],"nm":"Group 3","np":2,"cix":2,"ix":3,"mn":"ADBE Vector Group","hd":false}],"ip":0,"op":376.000015314794,"st":0,"bm":0},{"ddd":0,"ind":4,"ty":4,"nm":"Layer 7 Outlines","sr":1,"ks":{"o":{"a":0,"k":100,"ix":11},"r":{"a":0,"k":0,"ix":10},"p":{"a":0,"k":[297.227,341.008,0],"ix":2},"a":{"a":0,"k":[38.312,79.319,0],"ix":1},"s":{"a":0,"k":[100,100,100],"ix":6}},"ao":0,"shapes":[{"ty":"gr","it":[{"ind":0,"ty":"sh","ix":1,"ks":{"a":0,"k":{"i":[[0.218,-0.009],[2.457,11.556],[0,0],[-17.517,0.664],[-2.026,-14.342],[0,0],[14.355,-0.564]],"o":[[-11.806,0.467],[0,0],[-3.644,-17.147],[14.474,-0.549],[0,0],[2.009,14.223],[-0.218,0.008]],"v":[[12.328,78.602],[-12.358,59.408],[-34.418,-44.419],[-7.855,-78.521],[21.189,-54.243],[36.053,50.947],[12.983,78.576]],"c":true},"ix":2},"nm":"Path 1","mn":"ADBE Vector Shape - Group","hd":false},{"ty":"fl","c":{"a":0,"k":[0.980000035903,0.8,0.752999997606,1],"ix":4},"o":{"a":0,"k":100,"ix":5},"r":1,"nm":"Fill 1","mn":"ADBE Vector Graphic - Fill","hd":false},{"ty":"tr","p":{"a":0,"k":[38.312,79.32],"ix":2},"a":{"a":0,"k":[0,0],"ix":1},"s":{"a":0,"k":[100,100],"ix":3},"r":{"a":0,"k":0,"ix":6},"o":{"a":0,"k":100,"ix":7},"sk":{"a":0,"k":0,"ix":4},"sa":{"a":0,"k":0,"ix":5},"nm":"Transform"}],"nm":"Group 1","np":2,"cix":2,"ix":1,"mn":"ADBE Vector Group","hd":false}],"ip":0,"op":376.000015314794,"st":0,"bm":0},{"ddd":0,"ind":5,"ty":4,"nm":"BG Outlines","sr":1,"ks":{"o":{"a":0,"k":100,"ix":11},"r":{"a":0,"k":0,"ix":10},"p":{"a":0,"k":[249.433,254.929,0],"ix":2},"a":{"a":0,"k":[231.859,231.858,0],"ix":1},"s":{"a":0,"k":[100,100,100],"ix":6}},"ao":0,"shapes":[{"ty":"gr","it":[{"ind":0,"ty":"sh","ix":1,"ks":{"a":0,"k":{"i":[[0,-127.914],[127.914,0],[0,127.914],[-127.914,0]],"o":[[0,127.914],[-127.914,0],[0,-127.914],[127.914,0]],"v":[[231.609,0],[0,231.609],[-231.609,0],[0,-231.608]],"c":true},"ix":2},"nm":"Path 1","mn":"ADBE Vector Shape - Group","hd":false},{"ty":"fl","c":{"a":0,"k":[0,0.341,0.722,1],"ix":4},"o":{"a":0,"k":100,"ix":5},"r":1,"nm":"Fill 1","mn":"ADBE Vector Graphic - Fill","hd":false},{"ty":"tr","p":{"a":0,"k":[231.859,231.858],"ix":2},"a":{"a":0,"k":[0,0],"ix":1},"s":{"a":0,"k":[100,100],"ix":3},"r":{"a":0,"k":0,"ix":6},"o":{"a":0,"k":100,"ix":7},"sk":{"a":0,"k":0,"ix":4},"sa":{"a":0,"k":0,"ix":5},"nm":"Transform"}],"nm":"Group 1","np":2,"cix":2,"ix":1,"mn":"ADBE Vector Group","hd":false}],"ip":0,"op":376.000015314794,"st":0,"bm":0}],"markers":[]}