{"v":"5.1.1","fr":15,"ip":0,"op":115,"w":448,"h":450,"nm":"submit","ddd":0,"assets":[],"layers":[{"ddd":0,"ind":1,"ty":4,"nm":"check","sr":1,"ks":{"o":{"a":0,"k":100,"ix":11},"r":{"a":0,"k":0,"ix":10},"p":{"a":0,"k":[222.5,241.5,0],"ix":2},"a":{"a":0,"k":[0,0,0],"ix":1},"s":{"a":0,"k":[100,100,100],"ix":6}},"ao":0,"shapes":[{"ty":"gr","it":[{"ind":0,"ty":"sh","ix":1,"ks":{"a":0,"k":{"i":[[0,0],[0,0],[0,0]],"o":[[0,0],[0,0],[0,0]],"v":[[-53,-16],[-17,20],[56,-53]],"c":false},"ix":2},"nm":"Tracciato 1","mn":"ADBE Vector Shape - Group","hd":false},{"ty":"st","c":{"a":0,"k":[0.105882354081,0.92549020052,0.407843142748,1],"ix":3},"o":{"a":0,"k":100,"ix":4},"w":{"a":0,"k":10,"ix":5},"lc":2,"lj":2,"nm":"Traccia 1","mn":"ADBE Vector Graphic - Stroke","hd":false},{"ty":"tr","p":{"a":0,"k":[0,0],"ix":2},"a":{"a":0,"k":[0,0],"ix":1},"s":{"a":0,"k":[100,100],"ix":3},"r":{"a":0,"k":0,"ix":6},"o":{"a":0,"k":100,"ix":7},"sk":{"a":0,"k":0,"ix":4},"sa":{"a":0,"k":0,"ix":5},"nm":"Trasformazione"}],"nm":"Forma 1","np":2,"cix":2,"ix":1,"mn":"ADBE Vector Group","hd":false},{"ty":"tm","s":{"a":1,"k":[{"i":{"x":[0.667],"y":[1]},"o":{"x":[0.333],"y":[0]},"n":["0p667_1_0p333_0"],"t":85,"s":[0],"e":[100]},{"t":89}],"ix":1},"e":{"a":1,"k":[{"i":{"x":[0.667],"y":[1]},"o":{"x":[0.333],"y":[0]},"n":["0p667_1_0p333_0"],"t":68,"s":[0],"e":[100]},{"t":73}],"ix":2},"o":{"a":0,"k":0,"ix":3},"m":1,"ix":2,"nm":"Taglia tracciati 1","mn":"ADBE Vector Filter - Trim","hd":false}],"ip":38,"op":90,"st":0,"bm":0},{"ddd":0,"ind":2,"ty":4,"nm":"aereo entra","sr":1,"ks":{"o":{"a":0,"k":100,"ix":11},"r":{"a":0,"k":0,"ix":10},"p":{"a":0,"k":[224,225,0],"ix":2},"a":{"a":0,"k":[224,225,0],"ix":1},"s":{"a":0,"k":[100,100,100],"ix":6}},"ao":0,"hasMask":true,"masksProperties":[{"inv":false,"mode":"a","pt":{"a":0,"k":{"i":[[71.853,-0.388],[-0.398,-71.769],[-71.853,0.388],[0.398,71.769]],"o":[[-71.853,0.388],[0.398,71.769],[71.853,-0.388],[-0.398,-71.769]],"v":[[224.03,93.66],[94.648,224.313],[225.47,353.561],[354.852,222.908]],"c":true},"ix":1},"o":{"a":0,"k":100,"ix":3},"x":{"a":0,"k":0,"ix":4},"nm":"Maschera 1"}],"shapes":[{"ty":"gr","it":[{"ind":0,"ty":"sh","ix":1,"ks":{"a":0,"k":{"i":[[0,0.105],[0.009,0.106],[0.026,0.13],[0.019,0.071],[0.002,0.007],[0.056,0.139],[0.027,0.056],[0.063,0.106],[0.676,0.308],[0,0],[1.093,-0.867],[-0.297,-1.364],[0,0],[-1.625,-0.109],[0,0],[0,0],[0.348,-1.593],[0,0],[-1.092,-0.87],[-0.813,0],[-0.499,0.236],[0,0],[-0.027,0.013],[-0.104,0.066],[-0.069,0.05],[-0.087,0.08],[-0.06,0.062],[-0.075,0.095],[-0.046,0.067],[-0.06,0.11],[-0.033,0.072],[-0.037,0.103],[-0.026,0.096],[-0.002,0.008],[-0.014,0.071],[-0.012,0.133]],"o":[[0,-0.105],[-0.012,-0.134],[-0.014,-0.071],[-0.002,-0.008],[-0.039,-0.145],[-0.023,-0.058],[-0.051,-0.112],[-0.386,-0.651],[0,0],[-1.257,-0.594],[-1.092,0.869],[0,0],[0.348,1.591],[0,0],[0,0],[-1.625,0.109],[0,0],[-0.297,1.362],[0.66,0.525],[0.533,0],[0,0],[0.027,-0.013],[0.11,-0.056],[0.073,-0.047],[0.094,-0.07],[0.065,-0.058],[0.084,-0.087],[0.051,-0.065],[0.07,-0.103],[0.038,-0.07],[0.046,-0.099],[0.033,-0.093],[0.002,-0.007],[0.019,-0.071],[0.026,-0.13],[0.009,-0.106]],"v":[[70.132,0.121],[70.129,-0.193],[70.063,-0.587],[70.027,-0.801],[70.02,-0.822],[69.868,-1.245],[69.803,-1.422],[69.621,-1.743],[67.991,-3.215],[-64.697,-65.985],[-68.543,-65.542],[-69.841,-61.895],[-57.896,-7.234],[-54.566,-4.363],[12.007,0.121],[-54.566,4.605],[-57.896,7.477],[-69.841,62.136],[-68.543,65.783],[-66.263,66.579],[-64.697,66.227],[68.05,3.43],[68.126,3.387],[68.445,3.199],[68.661,3.059],[68.928,2.831],[69.122,2.656],[69.353,2.376],[69.506,2.184],[69.693,1.859],[69.808,1.652],[69.922,1.343],[70.02,1.064],[70.027,1.044],[70.063,0.829],[70.129,0.436]],"c":true},"ix":2},"nm":"Tracciato 1","mn":"ADBE Vector Shape - Group","hd":false},{"ty":"fl","c":{"a":0,"k":[0.999999940162,0.999999940162,1,1],"ix":4},"o":{"a":0,"k":100,"ix":5},"r":1,"nm":"Riempimento 1","mn":"ADBE Vector Graphic - Fill","hd":false},{"ty":"tr","p":{"a":1,"k":[{"i":{"x":0.667,"y":1},"o":{"x":0.333,"y":0},"n":"0p667_1_0p333_0","t":100,"s":[7.405,224.878],"e":[234.811,224.878],"to":[37.9010467529297,0],"ti":[-37.9010467529297,0]},{"t":104}],"ix":2,"x":"var $bm_rt;\nvar n, n, t, t, v, amp, freq, decay;\n$bm_rt = n = 0;\nif (numKeys > 0) {\n    $bm_rt = n = nearestKey(time).index;\n    if (key(n).time > time) {\n        n--;\n    }\n}\nif (n == 0) {\n    $bm_rt = t = 0;\n} else {\n    $bm_rt = t = sub(time, key(n).time);\n}\nif (n > 0 && t < 1) {\n    v = velocityAtTime(sub(key(n).time, div(thisComp.frameDuration, 10)));\n    amp = 0.1;\n    freq = -2;\n    decay = 5;\n    $bm_rt = sum(value, div(mul(mul(v, amp), Math.sin(mul(mul(mul(freq, t), 2), Math.PI))), Math.exp(mul(decay, t))));\n} else {\n    $bm_rt = value;\n}"},"a":{"a":0,"k":[0,0],"ix":1},"s":{"a":0,"k":[100,100],"ix":3},"r":{"a":0,"k":0,"ix":6},"o":{"a":0,"k":100,"ix":7},"sk":{"a":0,"k":0,"ix":4},"sa":{"a":0,"k":0,"ix":5},"nm":"Trasformazione"}],"nm":"Gruppo 1","np":2,"cix":2,"ix":1,"mn":"ADBE Vector Group","hd":false}],"ip":0,"op":115,"st":0,"bm":0},{"ddd":0,"ind":3,"ty":4,"nm":"aereo esce","sr":1,"ks":{"o":{"a":0,"k":100,"ix":11},"r":{"a":0,"k":0,"ix":10},"p":{"a":0,"k":[224,225,0],"ix":2},"a":{"a":0,"k":[224,225,0],"ix":1},"s":{"a":0,"k":[100,100,100],"ix":6}},"ao":0,"hasMask":true,"masksProperties":[{"inv":false,"mode":"a","pt":{"a":0,"k":{"i":[[71.853,-0.388],[-0.398,-71.769],[-71.853,0.388],[0.398,71.769]],"o":[[-71.853,0.388],[0.398,71.769],[71.853,-0.388],[-0.398,-71.769]],"v":[[224.03,93.66],[94.648,224.313],[225.47,353.561],[354.852,222.908]],"c":true},"ix":1},"o":{"a":0,"k":100,"ix":3},"x":{"a":0,"k":0,"ix":4},"nm":"Maschera 1"}],"shapes":[{"ty":"gr","it":[{"ind":0,"ty":"sh","ix":1,"ks":{"a":0,"k":{"i":[[0,0.105],[0.009,0.106],[0.026,0.13],[0.019,0.071],[0.002,0.007],[0.056,0.139],[0.027,0.056],[0.063,0.106],[0.676,0.308],[0,0],[1.093,-0.867],[-0.297,-1.364],[0,0],[-1.625,-0.109],[0,0],[0,0],[0.348,-1.593],[0,0],[-1.092,-0.87],[-0.813,0],[-0.499,0.236],[0,0],[-0.027,0.013],[-0.104,0.066],[-0.069,0.05],[-0.087,0.08],[-0.06,0.062],[-0.075,0.095],[-0.046,0.067],[-0.06,0.11],[-0.033,0.072],[-0.037,0.103],[-0.026,0.096],[-0.002,0.008],[-0.014,0.071],[-0.012,0.133]],"o":[[0,-0.105],[-0.012,-0.134],[-0.014,-0.071],[-0.002,-0.008],[-0.039,-0.145],[-0.023,-0.058],[-0.051,-0.112],[-0.386,-0.651],[0,0],[-1.257,-0.594],[-1.092,0.869],[0,0],[0.348,1.591],[0,0],[0,0],[-1.625,0.109],[0,0],[-0.297,1.362],[0.66,0.525],[0.533,0],[0,0],[0.027,-0.013],[0.11,-0.056],[0.073,-0.047],[0.094,-0.07],[0.065,-0.058],[0.084,-0.087],[0.051,-0.065],[0.07,-0.103],[0.038,-0.07],[0.046,-0.099],[0.033,-0.093],[0.002,-0.007],[0.019,-0.071],[0.026,-0.13],[0.009,-0.106]],"v":[[70.132,0.121],[70.129,-0.193],[70.063,-0.587],[70.027,-0.801],[70.02,-0.822],[69.868,-1.245],[69.803,-1.422],[69.621,-1.743],[67.991,-3.215],[-64.697,-65.985],[-68.543,-65.542],[-69.841,-61.895],[-57.896,-7.234],[-54.566,-4.363],[12.007,0.121],[-54.566,4.605],[-57.896,7.477],[-69.841,62.136],[-68.543,65.783],[-66.263,66.579],[-64.697,66.227],[68.05,3.43],[68.126,3.387],[68.445,3.199],[68.661,3.059],[68.928,2.831],[69.122,2.656],[69.353,2.376],[69.506,2.184],[69.693,1.859],[69.808,1.652],[69.922,1.343],[70.02,1.064],[70.027,1.044],[70.063,0.829],[70.129,0.436]],"c":true},"ix":2},"nm":"Tracciato 1","mn":"ADBE Vector Shape - Group","hd":false},{"ty":"fl","c":{"a":0,"k":[0.999999940162,0.999999940162,1,1],"ix":4},"o":{"a":0,"k":100,"ix":5},"r":1,"nm":"Riempimento 1","mn":"ADBE Vector Graphic - Fill","hd":false},{"ty":"tr","p":{"a":1,"k":[{"i":{"x":0.667,"y":1},"o":{"x":0.333,"y":0},"n":"0p667_1_0p333_0","t":5,"s":[234.811,224.878],"e":[439.553,224.878],"to":[34.1236991882324,0],"ti":[-34.1236991882324,0]},{"t":9}],"ix":2,"x":"var $bm_rt;\nvar n, n, t, t, v, amp, freq, decay;\n$bm_rt = n = 0;\nif (numKeys > 0) {\n    $bm_rt = n = nearestKey(time).index;\n    if (key(n).time > time) {\n        n--;\n    }\n}\nif (n == 0) {\n    $bm_rt = t = 0;\n} else {\n    $bm_rt = t = sub(time, key(n).time);\n}\nif (n > 0 && t < 1) {\n    v = velocityAtTime(sub(key(n).time, div(thisComp.frameDuration, 10)));\n    amp = 0.1;\n    freq = -2;\n    decay = 5;\n    $bm_rt = sum(value, div(mul(mul(v, amp), Math.sin(mul(mul(mul(freq, t), 2), Math.PI))), Math.exp(mul(decay, t))));\n} else {\n    $bm_rt = value;\n}"},"a":{"a":0,"k":[0,0],"ix":1},"s":{"a":0,"k":[100,100],"ix":3},"r":{"a":0,"k":0,"ix":6},"o":{"a":0,"k":100,"ix":7},"sk":{"a":0,"k":0,"ix":4},"sa":{"a":0,"k":0,"ix":5},"nm":"Trasformazione"}],"nm":"Gruppo 1","np":2,"cix":2,"ix":1,"mn":"ADBE Vector Group","hd":false}],"ip":0,"op":90,"st":0,"bm":0},{"ddd":0,"ind":4,"ty":4,"nm":"loading","sr":1,"ks":{"o":{"a":0,"k":100,"ix":11},"r":{"a":0,"k":0,"ix":10},"p":{"a":0,"k":[224,225,0],"ix":2},"a":{"a":0,"k":[224,225,0],"ix":1},"s":{"a":0,"k":[100,100,100],"ix":6}},"ao":0,"shapes":[{"ty":"gr","it":[{"ind":0,"ty":"sh","ix":1,"ks":{"a":0,"k":{"i":[[0,-71.65],[71.65,0],[0,71.65],[-71.651,0]],"o":[[0,71.65],[-71.651,0],[0,-71.65],[71.65,0]],"v":[[129.734,-0.001],[0.001,129.734],[-129.734,-0.001],[0.001,-129.734]],"c":true},"ix":2},"nm":"Tracciato 1","mn":"ADBE Vector Shape - Group","hd":false},{"ty":"st","c":{"a":0,"k":[0.105882354081,0.92549020052,0.407843142748,1],"ix":3,"x":"var $bm_rt;\nvar n, n, t, t, v, amp, freq, decay;\n$bm_rt = n = 0;\nif (numKeys > 0) {\n    $bm_rt = n = nearestKey(time).index;\n    if (key(n).time > time) {\n        n--;\n    }\n}\nif (n == 0) {\n    $bm_rt = t = 0;\n} else {\n    $bm_rt = t = sub(time, key(n).time);\n}\nif (n > 0 && t < 1) {\n    v = velocityAtTime(sub(key(n).time, div(thisComp.frameDuration, 10)));\n    amp = 0.2;\n    freq = -2;\n    decay = 5;\n    $bm_rt = sum(value, div(mul(mul(v, amp), Math.sin(mul(mul(mul(freq, t), 2), Math.PI))), Math.exp(mul(decay, t))));\n} else {\n    $bm_rt = value;\n}"},"o":{"a":0,"k":100,"ix":4},"w":{"a":0,"k":10,"ix":5,"x":"var $bm_rt;\nvar n, n, t, t, v, amp, freq, decay;\n$bm_rt = n = 0;\nif (numKeys > 0) {\n    $bm_rt = n = nearestKey(time).index;\n    if (key(n).time > time) {\n        n--;\n    }\n}\nif (n == 0) {\n    $bm_rt = t = 0;\n} else {\n    $bm_rt = t = sub(time, key(n).time);\n}\nif (n > 0 && t < 1) {\n    v = velocityAtTime(sub(key(n).time, div(thisComp.frameDuration, 10)));\n    amp = 0.2;\n    freq = -2;\n    decay = 5;\n    $bm_rt = sum(value, div(mul(mul(v, amp), Math.sin(mul(mul(mul(freq, t), 2), Math.PI))), Math.exp(mul(decay, t))));\n} else {\n    $bm_rt = value;\n}"},"lc":2,"lj":1,"ml":4,"nm":"Traccia 1","mn":"ADBE Vector Graphic - Stroke","hd":false},{"ty":"tr","p":{"a":0,"k":[223.937,225],"ix":2},"a":{"a":0,"k":[0,0],"ix":1},"s":{"a":0,"k":[100,100],"ix":3},"r":{"a":0,"k":0,"ix":6},"o":{"a":0,"k":100,"ix":7},"sk":{"a":0,"k":0,"ix":4},"sa":{"a":0,"k":0,"ix":5},"nm":"Trasformazione"}],"nm":"Gruppo 1","np":2,"cix":2,"ix":1,"mn":"ADBE Vector Group","hd":false},{"ty":"tm","s":{"a":1,"k":[{"i":{"x":[0],"y":[1]},"o":{"x":[0.333],"y":[0]},"n":["0_1_0p333_0"],"t":22,"s":[0],"e":[37]},{"i":{"x":[0.667],"y":[1]},"o":{"x":[0.167],"y":[0]},"n":["0p667_1_0p167_0"],"t":31,"s":[37],"e":[37]},{"i":{"x":[0.667],"y":[1]},"o":{"x":[0.333],"y":[0]},"n":["0p667_1_0p333_0"],"t":33.503,"s":[37],"e":[65]},{"i":{"x":[0.667],"y":[1]},"o":{"x":[0.167],"y":[0.167]},"n":["0p667_1_0p167_0p167"],"t":41,"s":[65],"e":[73]},{"i":{"x":[0],"y":[1]},"o":{"x":[0.333],"y":[0]},"n":["0_1_0p333_0"],"t":51.01,"s":[73],"e":[87]},{"i":{"x":[0.667],"y":[1]},"o":{"x":[0.167],"y":[0.167]},"n":["0p667_1_0p167_0p167"],"t":56,"s":[87],"e":[100]},{"i":{"x":[0],"y":[1]},"o":{"x":[0.333],"y":[0]},"n":["0_1_0p333_0"],"t":65,"s":[100],"e":[100]},{"t":109.57763671875}],"ix":1},"e":{"a":0,"k":0,"ix":2},"o":{"a":0,"k":-90,"ix":3},"m":1,"ix":2,"nm":"Taglia tracciati 1","mn":"ADBE Vector Filter - Trim","hd":false}],"ip":14,"op":97,"st":0,"bm":0},{"ddd":0,"ind":5,"ty":4,"nm":"carchio/submit contorni","sr":1,"ks":{"o":{"a":0,"k":100,"ix":11},"r":{"a":0,"k":0,"ix":10},"p":{"a":0,"k":[224,225,0],"ix":2},"a":{"a":0,"k":[224,225,0],"ix":1},"s":{"a":0,"k":[100,100,100],"ix":6}},"ao":0,"shapes":[{"ty":"gr","it":[{"ind":0,"ty":"sh","ix":1,"ks":{"a":0,"k":{"i":[[0,-71.65],[71.65,0],[0,71.65],[-71.651,0]],"o":[[0,71.65],[-71.651,0],[0,-71.65],[71.65,0]],"v":[[129.734,-0.001],[0.001,129.734],[-129.734,-0.001],[0.001,-129.734]],"c":true},"ix":2},"nm":"Tracciato 1","mn":"ADBE Vector Shape - Group","hd":false},{"ty":"st","c":{"a":1,"k":[{"i":{"x":[0.667],"y":[1]},"o":{"x":[0.333],"y":[0]},"n":["0p667_1_0p333_0"],"t":11,"s":[0.105882354081,0.92549020052,0.407843142748,1],"e":[0.854901969433,0.854901969433,0.854901969433,1]},{"i":{"x":[0.667],"y":[1]},"o":{"x":[0.167],"y":[0]},"n":["0p667_1_0p167_0"],"t":14,"s":[0.854901969433,0.854901969433,0.854901969433,1],"e":[0.854901969433,0.854901969433,0.854901969433,1]},{"i":{"x":[0.667],"y":[1]},"o":{"x":[0.167],"y":[0]},"n":["0p667_1_0p167_0"],"t":95,"s":[0.854901969433,0.854901969433,0.854901969433,1],"e":[0.105882354081,0.92549020052,0.407843142748,1]},{"t":98}],"ix":3},"o":{"a":0,"k":100,"ix":4},"w":{"a":1,"k":[{"i":{"x":[0.667],"y":[1]},"o":{"x":[0.333],"y":[0]},"n":["0p667_1_0p333_0"],"t":11,"s":[0],"e":[10]},{"i":{"x":[0.833],"y":[1]},"o":{"x":[0.167],"y":[0]},"n":["0p833_1_0p167_0"],"t":14,"s":[10],"e":[10]},{"i":{"x":[0.833],"y":[1]},"o":{"x":[0.167],"y":[0]},"n":["0p833_1_0p167_0"],"t":95,"s":[10],"e":[0]},{"t":98}],"ix":5,"x":"var $bm_rt;\nvar n, n, t, t, v, amp, freq, decay;\n$bm_rt = n = 0;\nif (numKeys > 0) {\n    $bm_rt = n = nearestKey(time).index;\n    if (key(n).time > time) {\n        n--;\n    }\n}\nif (n == 0) {\n    $bm_rt = t = 0;\n} else {\n    $bm_rt = t = sub(time, key(n).time);\n}\nif (n > 0 && t < 1) {\n    v = velocityAtTime(sub(key(n).time, div(thisComp.frameDuration, 10)));\n    amp = 0.2;\n    freq = -2;\n    decay = 5;\n    $bm_rt = sum(value, div(mul(mul(v, amp), Math.sin(mul(mul(mul(freq, t), 2), Math.PI))), Math.exp(mul(decay, t))));\n} else {\n    $bm_rt = value;\n}"},"lc":2,"lj":1,"ml":4,"nm":"Traccia 1","mn":"ADBE Vector Graphic - Stroke","hd":false},{"ty":"fl","c":{"a":1,"k":[{"i":{"x":[0.667],"y":[1]},"o":{"x":[0.333],"y":[0]},"n":["0p667_1_0p333_0"],"t":11,"s":[0.105882354081,0.92549020052,0.407843142748,1],"e":[1,1,1,1]},{"i":{"x":[0.667],"y":[1]},"o":{"x":[0.167],"y":[0]},"n":["0p667_1_0p167_0"],"t":14,"s":[1,1,1,1],"e":[1,1,1,1]},{"i":{"x":[0.667],"y":[1]},"o":{"x":[0.167],"y":[0]},"n":["0p667_1_0p167_0"],"t":95,"s":[1,1,1,1],"e":[0.105882354081,0.92549020052,0.407843142748,1]},{"t":98}],"ix":4},"o":{"a":0,"k":100,"ix":5},"r":1,"nm":"Riempimento 1","mn":"ADBE Vector Graphic - Fill","hd":false},{"ty":"tr","p":{"a":0,"k":[223.937,225],"ix":2},"a":{"a":0,"k":[0,0],"ix":1},"s":{"a":0,"k":[100,100],"ix":3},"r":{"a":0,"k":0,"ix":6},"o":{"a":0,"k":100,"ix":7},"sk":{"a":0,"k":0,"ix":4},"sa":{"a":0,"k":0,"ix":5},"nm":"Trasformazione"}],"nm":"Gruppo 1","np":3,"cix":2,"ix":1,"mn":"ADBE Vector Group","hd":false}],"ip":0,"op":115,"st":0,"bm":0}],"markers":[]}