{
  "project_info": {
    "project_number": "331011220746",
    "firebase_url": "https://teaconnection-4ecd5.firebaseio.com",
    "project_id": "teaconnection-4ecd5",
    "storage_bucket": "teaconnection-4ecd5.appspot.com"
  },
  "client": [
    {
      "client_info": {
        "mobilesdk_app_id": "1:331011220746:android:b0a6708c0a9513ce6986f3",
        "android_client_info": {
          "package_name": "cl.bequarks.project.paraeco"
        }
      },
      "oauth_client": [
        {
          "client_id": "331011220746-k8ah1pdh9l9n0ojae72p9abi156m9sr2.apps.googleusercontent.com",
          "client_type": 3
        }
      ],
      "api_key": [
        {
          "current_key": "AIzaSyAZcM8x0G2Oi5RomZp-CHb2Um775tKNi-Y"
        }
      ],
      "services": {
        "appinvite_service": {
          "other_platform_oauth_client": [
            {
              "client_id": "331011220746-k8ah1pdh9l9n0ojae72p9abi156m9sr2.apps.googleusercontent.com",
              "client_type": 3
            }
          ]
        }
      }
    }
  ],
  "configuration_version": "1"
}